Datetime,DirectConsumption(W),BatteryDischarging(W),ExternalEnergySupply(W),TotalConsumption(W),GridFeedIn(W),BatteryCharging(W),PV_PowerGeneration(W),temperature,radiation
2024-08-29 00:00:00,0.0,0.0,2457.0,2457.0,0.0,0.0,0.0,22.3,0.0
2024-08-29 00:15:00,0.0,0.0,2453.0,2453.0,0.0,0.0,0.0,22.0,0.0
2024-08-29 00:30:00,0.0,0.0,2452.0,2452.0,0.0,0.0,0.0,21.700000000000003,0.0
2024-08-29 00:45:00,0.0,0.0,2403.0,2403.0,0.0,0.0,0.0,21.4,0.0
2024-08-29 01:00:00,0.0,0.0,2405.0,2405.0,0.0,0.0,0.0,21.1,0.0
2024-08-29 01:15:00,0.0,0.0,2465.0,2465.0,0.0,0.0,0.0,20.925,0.0
2024-08-29 01:30:00,0.0,0.0,2452.0,2452.0,0.0,0.0,0.0,20.75,0.0
2024-08-29 01:45:00,0.0,0.0,2389.0,2389.0,0.0,0.0,0.0,20.575,0.0
2024-08-29 02:00:00,0.0,0.0,2353.0,2353.0,0.0,0.0,0.0,20.4,0.0
2024-08-29 02:15:00,0.0,0.0,2355.0,2355.0,0.0,0.0,0.0,20.425,0.0
2024-08-29 02:30:00,0.0,0.0,2398.0,2398.0,0.0,0.0,0.0,20.45,0.0
2024-08-29 02:45:00,0.0,0.0,2414.0,2414.0,0.0,0.0,0.0,20.475,0.0
2024-08-29 03:00:00,0.0,0.0,2416.0,2416.0,0.0,0.0,0.0,20.5,0.0
2024-08-29 03:15:00,0.0,0.0,2412.0,2412.0,0.0,0.0,0.0,20.175,0.0
2024-08-29 03:30:00,0.0,0.0,2413.0,2413.0,0.0,0.0,0.0,19.85,0.0
2024-08-29 03:45:00,0.0,0.0,2448.0,2448.0,0.0,0.0,0.0,19.525,0.0
2024-08-29 04:00:00,0.0,0.0,2518.0,2518.0,0.0,0.0,0.0,19.2,0.0
2024-08-29 04:15:00,0.0,0.0,2446.0,2446.0,0.0,0.0,0.0,19.0,0.0
2024-08-29 04:30:00,0.0,0.0,2372.0,2372.0,0.0,0.0,0.0,18.8,0.0
2024-08-29 04:45:00,0.0,0.0,3174.0,3174.0,0.0,0.0,0.0,18.6,0.0
2024-08-29 05:00:00,0.0,0.0,3585.0,3585.0,0.0,0.0,0.0,18.4,0.0
2024-08-29 05:15:00,0.0,0.0,3882.0,3882.0,0.0,0.0,0.0,18.3,0.0
2024-08-29 05:30:00,0.0,0.0,2824.0,2824.0,0.0,0.0,0.0,18.2,0.0
2024-08-29 05:45:00,0.0,0.0,2477.0,2477.0,0.0,0.0,0.0,18.1,0.0
2024-08-29 06:00:00,0.0,0.0,2464.0,2464.0,0.0,0.0,0.0,18.0,0.0
2024-08-29 06:15:00,0.0,0.0,4354.0,4354.0,0.0,0.0,0.0,17.9,0.0
2024-08-29 06:30:00,0.0,0.0,2481.0,2481.0,0.0,0.0,0.0,17.8,0.0
2024-08-29 06:45:00,0.0,0.0,2815.0,2815.0,0.0,0.0,0.0,17.700000000000003,0.0
2024-08-29 07:00:00,0.0,0.0,507.0,507.0,0.0,0.0,0.0,17.6,0.0
2024-08-29 07:15:00,8.0,0.0,108.0,116.0,0.0,0.0,8.0,18.05,12.25
2024-08-29 07:30:00,47.0,0.0,90.0,137.0,0.0,0.0,47.0,18.5,24.5
2024-08-29 07:45:00,94.0,0.0,109.0,203.0,0.0,0.0,94.0,18.95,36.75
2024-08-29 08:00:00,164.0,0.0,691.0,855.0,3.0,2.0,168.0,19.4,49.0
2024-08-29 08:15:00,185.0,0.0,22.0,207.0,20.0,119.0,323.0,20.1,86.25
2024-08-29 08:30:00,247.0,0.0,1.0,248.0,3.0,527.0,777.0,20.8,123.5
2024-08-29 08:45:00,257.0,0.0,3.0,261.0,5.0,738.0,1000.0,21.5,160.75
2024-08-29 09:00:00,382.0,36.0,65.0,483.0,67.0,790.0,1240.0,22.2,198.0
2024-08-29 09:15:00,189.0,0.0,2.0,191.0,5.0,1324.0,1518.0,22.8,241.0
2024-08-29 09:30:00,115.0,0.0,1.0,116.0,3.0,1600.0,1718.0,23.4,284.0
2024-08-29 09:45:00,98.0,0.0,2.0,100.0,4.0,1847.0,1949.0,24.0,327.0
2024-08-29 10:00:00,131.0,0.0,3.0,134.0,4.0,2045.0,2180.0,24.6,370.0
2024-08-29 10:15:00,436.0,0.0,7.0,443.0,6.0,1963.0,2405.0,25.1,410.0
2024-08-29 10:30:00,561.0,0.0,2.0,564.0,6.0,2024.0,2591.0,25.6,450.0
2024-08-29 10:45:00,266.0,0.0,4.0,270.0,39.0,2450.0,2755.0,26.1,490.0
2024-08-29 11:00:00,555.0,0.0,8.0,562.0,26.0,2354.0,2934.0,26.6,530.0
2024-08-29 11:15:00,453.0,0.0,5.0,458.0,104.0,2486.0,3043.0,27.025,562.25
2024-08-29 11:30:00,373.0,0.0,2.0,375.0,272.0,2501.0,3146.0,27.450000000000003,594.5
2024-08-29 11:45:00,235.0,0.0,0.0,236.0,1315.0,1685.0,3235.0,27.875,626.75
2024-08-29 12:00:00,457.0,0.0,0.0,457.0,2129.0,742.0,3328.0,28.3,659.0
2024-08-29 12:15:00,1082.0,0.0,1.0,1083.0,1921.0,417.0,3419.0,28.625,680.5
2024-08-29 12:30:00,1424.0,0.0,0.0,1424.0,2028.0,2.0,3454.0,28.950000000000003,702.0
2024-08-29 12:45:00,2761.0,0.0,1.0,2762.0,675.0,39.0,3475.0,29.275,723.5
2024-08-29 13:00:00,2691.0,0.0,0.0,2691.0,749.0,58.0,3498.0,29.6,745.0
2024-08-29 13:15:00,2704.0,0.0,4.0,2709.0,757.0,47.0,3508.0,29.875,751.0
2024-08-29 13:30:00,2748.0,0.0,1.0,2748.0,702.0,45.0,3495.0,30.15,757.0
2024-08-29 13:45:00,2719.0,0.0,1.0,2720.0,701.0,42.0,3462.0,30.425,763.0
2024-08-29 14:00:00,2717.0,0.0,1.0,2717.0,677.0,39.0,3432.0,30.7,769.0
2024-08-29 14:15:00,2789.0,178.0,24.0,2992.0,357.0,245.0,3391.0,30.9,745.25
2024-08-29 14:30:00,2366.0,0.0,0.0,2366.0,928.0,34.0,3328.0,31.1,721.5
2024-08-29 14:45:00,1308.0,0.0,0.0,1308.0,1904.0,39.0,3251.0,31.3,697.75
2024-08-29 15:00:00,1693.0,0.0,0.0,1693.0,1438.0,34.0,3165.0,31.5,674.0
2024-08-29 15:15:00,1665.0,0.0,0.0,1665.0,1349.0,33.0,3046.0,31.525,647.25
2024-08-29 15:30:00,1737.0,0.0,0.0,1737.0,1206.0,31.0,2974.0,31.55,620.5
2024-08-29 15:45:00,1691.0,0.0,0.0,1691.0,1154.0,29.0,2874.0,31.575000000000003,593.75
2024-08-29 16:00:00,1714.0,0.0,0.0,1714.0,966.0,35.0,2715.0,31.6,567.0
2024-08-29 16:15:00,1801.0,0.0,1.0,1802.0,718.0,31.0,2550.0,31.6,550.25
2024-08-29 16:30:00,326.0,0.0,0.0,326.0,2004.0,24.0,2354.0,31.6,533.5
2024-08-29 16:45:00,318.0,0.0,0.0,318.0,1809.0,31.0,2158.0,31.6,516.75
2024-08-29 17:00:00,177.0,0.0,0.0,177.0,1777.0,25.0,1979.0,31.6,500.0
2024-08-29 17:15:00,271.0,0.0,0.0,271.0,1466.0,30.0,1766.0,31.525,469.0
2024-08-29 17:30:00,201.0,0.0,0.0,201.0,1252.0,30.0,1483.0,31.450000000000003,438.0
2024-08-29 17:45:00,361.0,0.0,0.0,361.0,939.0,29.0,1329.0,31.375,407.0
2024-08-29 18:00:00,223.0,0.0,0.0,223.0,860.0,24.0,1107.0,31.3,376.0
2024-08-29 18:15:00,111.0,0.0,0.0,111.0,721.0,25.0,857.0,31.05,339.75
2024-08-29 18:30:00,170.0,17.0,4.0,191.0,231.0,21.0,422.0,30.8,303.5
2024-08-29 18:45:00,144.0,0.0,10.0,154.0,11.0,38.0,192.0,30.55,267.25
2024-08-29 19:00:00,160.0,41.0,3.0,204.0,2.0,3.0,165.0,30.3,231.0
2024-08-29 19:15:00,133.0,122.0,3.0,258.0,2.0,0.0,135.0,29.675,193.0
2024-08-29 19:30:00,98.0,97.0,2.0,196.0,1.0,0.0,99.0,29.05,155.0
2024-08-29 19:45:00,68.0,1963.0,20.0,2050.0,7.0,0.0,75.0,28.425,117.0
2024-08-29 20:00:00,25.0,2364.0,130.0,2519.0,5.0,0.0,30.0,27.8,79.0
2024-08-29 20:15:00,0.0,1425.0,265.0,1689.0,11.0,0.0,10.0,27.175,59.75
2024-08-29 20:30:00,0.0,384.0,2.0,381.0,5.0,0.0,0.0,26.55,40.5
2024-08-29 20:45:00,0.0,184.0,0.0,183.0,1.0,0.0,0.0,25.925,21.25
2024-08-29 21:00:00,0.0,776.0,25.0,799.0,3.0,0.0,0.0,25.3,2.0
2024-08-29 21:15:00,0.0,2387.0,77.0,2463.0,0.0,0.0,0.0,24.825,1.5
2024-08-29 21:30:00,0.0,2383.0,128.0,2511.0,0.0,0.0,0.0,24.35,1.0
2024-08-29 21:45:00,0.0,2380.0,98.0,2477.0,0.0,0.0,0.0,23.875,0.5
2024-08-29 22:00:00,0.0,2378.0,91.0,2469.0,0.0,0.0,0.0,23.4,0.0
2024-08-29 22:15:00,0.0,2375.0,33.0,2408.0,0.0,0.0,0.0,23.125,0.0
2024-08-29 22:30:00,0.0,1457.0,942.0,2396.0,1.0,2.0,0.0,22.85,0.0
2024-08-29 22:45:00,0.0,0.0,2426.0,2426.0,0.0,0.0,0.0,22.575,0.0
2024-08-29 23:00:00,0.0,0.0,2451.0,2451.0,0.0,0.0,0.0,22.3,0.0
2024-08-29 23:15:00,0.0,0.0,2444.0,2444.0,0.0,0.0,0.0,22.075,0.0
2024-08-29 23:30:00,0.0,0.0,2382.0,2382.0,0.0,0.0,0.0,21.85,0.0
2024-08-29 23:45:00,0.0,0.0,2447.0,2447.0,0.0,0.0,0.0,21.625,0.0
2024-08-30 00:00:00,0.0,0.0,2425.0,2425.0,0.0,0.0,0.0,21.4,0.0
2024-08-30 00:15:00,0.0,0.0,2462.0,2462.0,0.0,0.0,0.0,21.225,0.0
2024-08-30 00:30:00,0.0,0.0,2460.0,2460.0,0.0,0.0,0.0,21.05,0.0
2024-08-30 00:45:00,0.0,0.0,2366.0,2366.0,0.0,0.0,0.0,20.875,0.0
2024-08-30 01:00:00,0.0,0.0,2347.0,2347.0,0.0,0.0,0.0,20.7,0.0
2024-08-30 01:15:00,0.0,0.0,2357.0,2357.0,0.0,0.0,0.0,20.525,0.0
2024-08-30 01:30:00,0.0,0.0,2406.0,2406.0,0.0,0.0,0.0,20.35,0.0
2024-08-30 01:45:00,0.0,0.0,2389.0,2389.0,0.0,0.0,0.0,20.175,0.0
2024-08-30 02:00:00,0.0,0.0,2387.0,2387.0,0.0,0.0,0.0,20.0,0.0
2024-08-30 02:15:00,0.0,0.0,2441.0,2441.0,0.0,0.0,0.0,19.8,0.0
2024-08-30 02:30:00,0.0,0.0,2439.0,2439.0,0.0,0.0,0.0,19.6,0.0
2024-08-30 02:45:00,0.0,0.0,2462.0,2462.0,0.0,0.0,0.0,19.4,0.0
2024-08-30 03:00:00,0.0,0.0,2466.0,2466.0,0.0,0.0,0.0,19.2,0.0
2024-08-30 03:15:00,0.0,0.0,2409.0,2409.0,0.0,0.0,0.0,19.225,0.0
2024-08-30 03:30:00,0.0,0.0,2382.0,2382.0,0.0,0.0,0.0,19.25,0.0
2024-08-30 03:45:00,0.0,0.0,2376.0,2376.0,0.0,0.0,0.0,19.275,0.0
2024-08-30 04:00:00,0.0,0.0,2379.0,2379.0,0.0,0.0,0.0,19.3,0.0
2024-08-30 04:15:00,0.0,0.0,2370.0,2370.0,0.0,0.0,0.0,19.2,0.0
2024-08-30 04:30:00,0.0,0.0,2371.0,2371.0,0.0,0.0,0.0,19.1,0.0
2024-08-30 04:45:00,0.0,0.0,2387.0,2387.0,0.0,0.0,0.0,19.0,0.0
2024-08-30 05:00:00,0.0,0.0,2386.0,2386.0,0.0,0.0,0.0,18.9,0.0
2024-08-30 05:15:00,0.0,0.0,2411.0,2411.0,0.0,0.0,0.0,18.825,0.0
2024-08-30 05:30:00,0.0,0.0,2447.0,2447.0,0.0,0.0,0.0,18.75,0.0
2024-08-30 05:45:00,0.0,0.0,2408.0,2408.0,0.0,0.0,0.0,18.675,0.0
2024-08-30 06:00:00,0.0,0.0,2343.0,2343.0,0.0,0.0,0.0,18.6,0.0
2024-08-30 06:15:00,0.0,0.0,2320.0,2320.0,0.0,0.0,0.0,18.575000000000003,0.0
2024-08-30 06:30:00,0.0,0.0,2341.0,2341.0,0.0,0.0,0.0,18.55,0.0
2024-08-30 06:45:00,0.0,0.0,2488.0,2488.0,0.0,0.0,0.0,18.525,0.0
2024-08-30 07:00:00,11.0,0.0,1622.0,1633.0,0.0,0.0,11.0,18.5,0.0
2024-08-30 07:15:00,22.0,0.0,507.0,529.0,0.0,0.0,22.0,18.725,9.75
2024-08-30 07:30:00,89.0,0.0,93.0,182.0,0.0,0.0,89.0,18.95,19.5
2024-08-30 07:45:00,162.0,0.0,43.0,205.0,0.0,0.0,162.0,19.175,29.25
2024-08-30 08:00:00,211.0,0.0,1205.0,1416.0,0.0,0.0,211.0,19.4,39.0
2024-08-30 08:15:00,285.0,0.0,47.0,332.0,5.0,13.0,303.0,20.025,69.75
2024-08-30 08:30:00,279.0,0.0,11.0,291.0,12.0,269.0,560.0,20.65,100.5
2024-08-30 08:45:00,534.0,136.0,773.0,1442.0,12.0,326.0,871.0,21.275,131.25
2024-08-30 09:00:00,565.0,212.0,464.0,1241.0,22.0,450.0,1036.0,21.9,162.0
2024-08-30 09:15:00,733.0,364.0,24.0,1121.0,12.0,695.0,1440.0,22.525,199.5
2024-08-30 09:30:00,681.0,244.0,9.0,934.0,19.0,983.0,1683.0,23.15,237.0
2024-08-30 09:45:00,413.0,19.0,25.0,457.0,13.0,1002.0,1428.0,23.775,274.5
2024-08-30 10:00:00,535.0,0.0,6.0,541.0,11.0,1498.0,2043.0,24.4,312.0
2024-08-30 10:15:00,1122.0,198.0,22.0,1343.0,11.0,881.0,2014.0,25.0,355.5
2024-08-30 10:30:00,761.0,11.0,7.0,779.0,95.0,1740.0,2597.0,25.6,399.0
2024-08-30 10:45:00,107.0,0.0,3.0,110.0,205.0,2499.0,2811.0,26.2,442.5
2024-08-30 11:00:00,170.0,0.0,1.0,171.0,248.0,2500.0,2918.0,26.8,486.0
2024-08-30 11:15:00,27.0,0.0,1.0,28.0,522.0,2499.0,3048.0,27.325,521.75
2024-08-30 11:30:00,13.0,0.0,0.0,14.0,648.0,2498.0,3160.0,27.85,557.5
2024-08-30 11:45:00,161.0,0.0,1.0,162.0,658.0,2499.0,3317.0,28.375,593.25
2024-08-30 12:00:00,126.0,0.0,0.0,126.0,731.0,2499.0,3356.0,28.9,629.0
2024-08-30 12:15:00,127.0,0.0,2.0,129.0,602.0,2498.0,3227.0,29.25,652.75
2024-08-30 12:30:00,1242.0,0.0,23.0,1265.0,951.0,1029.0,3222.0,29.6,676.5
2024-08-30 12:45:00,2620.0,31.0,36.0,2687.0,63.0,535.0,3218.0,29.95,700.25
2024-08-30 13:00:00,2623.0,1.0,25.0,2649.0,69.0,567.0,3259.0,30.3,724.0
2024-08-30 13:15:00,2644.0,78.0,16.0,2737.0,188.0,35.0,2866.0,30.425,699.25
2024-08-30 13:30:00,1863.0,145.0,22.0,2029.0,687.0,207.0,2757.0,30.55,674.5
2024-08-30 13:45:00,23.0,0.0,0.0,23.0,2696.0,111.0,2830.0,30.675,649.75
2024-08-30 14:00:00,76.0,0.0,0.0,76.0,2604.0,36.0,2716.0,30.8,625.0
2024-08-30 14:15:00,132.0,0.0,0.0,132.0,2650.0,45.0,2827.0,30.975,612.75
2024-08-30 14:30:00,132.0,0.0,0.0,132.0,2287.0,37.0,2455.0,31.15,600.5
2024-08-30 14:45:00,1766.0,0.0,1.0,1767.0,1064.0,41.0,2870.0,31.325,588.25
2024-08-30 15:00:00,1803.0,0.0,0.0,1803.0,1401.0,22.0,3226.0,31.5,576.0
2024-08-30 15:15:00,1806.0,0.0,0.0,1806.0,1064.0,30.0,2899.0,31.65,592.0
2024-08-30 15:30:00,1606.0,0.0,0.0,1606.0,1306.0,36.0,2948.0,31.8,608.0
2024-08-30 15:45:00,1682.0,0.0,0.0,1682.0,1000.0,13.0,2695.0,31.95,624.0
2024-08-30 16:00:00,973.0,0.0,0.0,973.0,1584.0,29.0,2586.0,32.1,640.0
2024-08-30 16:15:00,77.0,0.0,0.0,77.0,2395.0,24.0,2496.0,32.1,609.5
2024-08-30 16:30:00,98.0,0.0,0.0,98.0,2311.0,22.0,2430.0,32.1,579.0
2024-08-30 16:45:00,108.0,0.0,0.0,108.0,2033.0,21.0,2162.0,32.1,548.5
2024-08-30 17:00:00,196.0,0.0,0.0,196.0,1238.0,15.0,1449.0,32.1,518.0
2024-08-30 17:15:00,261.0,0.0,2.0,263.0,642.0,11.0,915.0,31.925,467.75
2024-08-30 17:30:00,233.0,0.0,0.0,233.0,1132.0,28.0,1393.0,31.75,417.5
2024-08-30 17:45:00,145.0,0.0,0.0,145.0,1344.0,23.0,1511.0,31.575,367.25
2024-08-30 18:00:00,168.0,0.0,0.0,168.0,1112.0,21.0,1302.0,31.4,317.0
2024-08-30 18:15:00,214.0,0.0,0.0,214.0,693.0,17.0,924.0,31.1,280.25
2024-08-30 18:30:00,252.0,0.0,2.0,254.0,227.0,23.0,501.0,30.8,243.5
2024-08-30 18:45:00,215.0,88.0,3.0,307.0,6.0,4.0,225.0,30.5,206.75
2024-08-30 19:00:00,211.0,41.0,5.0,256.0,5.0,3.0,219.0,30.2,170.0
2024-08-30 19:15:00,231.0,38.0,1.0,270.0,1.0,1.0,233.0,29.5,144.25
2024-08-30 19:30:00,233.0,22.0,4.0,258.0,4.0,7.0,243.0,28.8,118.5
2024-08-30 19:45:00,219.0,58.0,1.0,278.0,1.0,0.0,220.0,28.1,92.75
2024-08-30 20:00:00,120.0,2078.0,20.0,2219.0,7.0,0.0,127.0,27.4,67.0
2024-08-30 20:15:00,34.0,2294.0,5.0,2332.0,4.0,0.0,38.0,27.425,50.75
2024-08-30 20:30:00,0.0,2315.0,10.0,2324.0,3.0,0.0,3.0,27.45,34.5
2024-08-30 20:45:00,0.0,2303.0,4.0,2304.0,3.0,0.0,0.0,27.475,18.25
2024-08-30 21:00:00,0.0,2368.0,36.0,2403.0,1.0,0.0,0.0,27.5,2.0
2024-08-30 21:15:00,0.0,2376.0,127.0,2503.0,0.0,0.0,0.0,26.55,1.5
2024-08-30 21:30:00,0.0,2374.0,97.0,2471.0,0.0,0.0,0.0,25.6,1.0
2024-08-30 21:45:00,0.0,2356.0,29.0,2383.0,2.0,0.0,0.0,24.65,0.5
2024-08-30 22:00:00,0.0,2176.0,194.0,2368.0,2.0,0.0,0.0,23.7,0.0
2024-08-30 22:15:00,0.0,0.0,2392.0,2392.0,0.0,0.0,0.0,23.425,0.0
2024-08-30 22:30:00,0.0,0.0,2377.0,2377.0,0.0,0.0,0.0,23.15,0.0
2024-08-30 22:45:00,0.0,0.0,2347.0,2347.0,0.0,0.0,0.0,22.875,0.0
2024-08-30 23:00:00,0.0,0.0,2329.0,2329.0,0.0,0.0,0.0,22.6,0.0
2024-08-30 23:15:00,0.0,0.0,2390.0,2390.0,0.0,0.0,0.0,22.35,0.0
2024-08-30 23:30:00,0.0,0.0,2541.0,2541.0,0.0,0.0,0.0,22.1,0.0
2024-08-30 23:45:00,0.0,0.0,264.0,264.0,0.0,0.0,0.0,21.85,0.0
2024-08-31 00:00:00,0.0,0.0,234.0,234.0,0.0,0.0,0.0,21.6,0.0
2024-08-31 00:15:00,0.0,0.0,199.0,199.0,0.0,0.0,0.0,21.475,0.0
2024-08-31 00:30:00,0.0,0.0,156.0,156.0,0.0,0.0,0.0,21.35,0.0
2024-08-31 00:45:00,0.0,0.0,174.0,174.0,0.0,0.0,0.0,21.225,0.0
2024-08-31 01:00:00,0.0,0.0,165.0,165.0,0.0,0.0,0.0,21.1,0.0
2024-08-31 01:15:00,0.0,0.0,163.0,163.0,0.0,0.0,0.0,21.025,0.0
2024-08-31 01:30:00,0.0,0.0,202.0,202.0,0.0,0.0,0.0,20.950000000000003,0.0
2024-08-31 01:45:00,0.0,0.0,285.0,285.0,0.0,0.0,0.0,20.875,0.0
2024-08-31 02:00:00,0.0,0.0,321.0,321.0,0.0,0.0,0.0,20.8,0.0
2024-08-31 02:15:00,0.0,0.0,273.0,273.0,0.0,0.0,0.0,20.95,0.0
2024-08-31 02:30:00,0.0,0.0,245.0,245.0,0.0,0.0,0.0,21.1,0.0
2024-08-31 02:45:00,0.0,0.0,155.0,155.0,0.0,0.0,0.0,21.25,0.0
2024-08-31 03:00:00,0.0,0.0,148.0,148.0,0.0,0.0,0.0,21.4,0.0
2024-08-31 03:15:00,0.0,0.0,158.0,158.0,0.0,0.0,0.0,21.775,0.0
2024-08-31 03:30:00,0.0,0.0,172.0,172.0,0.0,0.0,0.0,22.15,0.0
2024-08-31 03:45:00,0.0,0.0,155.0,155.0,0.0,0.0,0.0,22.525,0.0
2024-08-31 04:00:00,0.0,0.0,165.0,165.0,0.0,0.0,0.0,22.9,0.0
2024-08-31 04:15:00,0.0,0.0,178.0,178.0,0.0,0.0,0.0,22.85,0.0
2024-08-31 04:30:00,0.0,0.0,216.0,216.0,0.0,0.0,0.0,22.8,0.0
2024-08-31 04:45:00,0.0,0.0,233.0,233.0,0.0,0.0,0.0,22.75,0.0
2024-08-31 05:00:00,0.0,0.0,197.0,197.0,0.0,0.0,0.0,22.7,0.0
2024-08-31 05:15:00,0.0,0.0,115.0,115.0,0.0,0.0,0.0,22.125,0.0
2024-08-31 05:30:00,0.0,0.0,114.0,114.0,0.0,0.0,0.0,21.55,0.0
2024-08-31 05:45:00,0.0,0.0,144.0,144.0,0.0,0.0,0.0,20.975,0.0
2024-08-31 06:00:00,0.0,0.0,173.0,173.0,0.0,0.0,0.0,20.4,0.0
2024-08-31 06:15:00,0.0,0.0,204.0,204.0,0.0,0.0,0.0,20.5,0.0
2024-08-31 06:30:00,0.0,0.0,213.0,213.0,0.0,0.0,0.0,20.6,0.0
2024-08-31 06:45:00,0.0,0.0,179.0,179.0,0.0,0.0,0.0,20.7,0.0
2024-08-31 07:00:00,0.0,0.0,217.0,217.0,0.0,0.0,0.0,20.8,0.0
2024-08-31 07:15:00,1.0,0.0,240.0,241.0,0.0,0.0,1.0,21.0,9.25
2024-08-31 07:30:00,34.0,0.0,140.0,174.0,0.0,0.0,34.0,21.200000000000003,18.5
2024-08-31 07:45:00,105.0,0.0,96.0,201.0,0.0,0.0,105.0,21.4,27.75
2024-08-31 08:00:00,169.0,0.0,24.0,193.0,2.0,5.0,176.0,21.6,37.0
2024-08-31 08:15:00,208.0,0.0,75.0,282.0,5.0,119.0,331.0,21.925,70.25
2024-08-31 08:30:00,297.0,0.0,105.0,401.0,4.0,343.0,644.0,22.25,103.5
2024-08-31 08:45:00,284.0,0.0,4.0,288.0,5.0,453.0,742.0,22.575,136.75
2024-08-31 09:00:00,287.0,0.0,1.0,289.0,4.0,867.0,1158.0,22.9,170.0
2024-08-31 09:15:00,279.0,0.0,4.0,283.0,5.0,1123.0,1408.0,23.375,212.0
2024-08-31 09:30:00,402.0,0.0,13.0,415.0,14.0,1223.0,1639.0,23.85,254.0
2024-08-31 09:45:00,309.0,0.0,6.0,315.0,6.0,1509.0,1824.0,24.325,296.0
2024-08-31 10:00:00,286.0,0.0,7.0,293.0,9.0,1771.0,2066.0,24.8,338.0
2024-08-31 10:15:00,534.0,0.0,108.0,642.0,111.0,1682.0,2327.0,25.325,381.25
2024-08-31 10:30:00,558.0,21.0,66.0,644.0,65.0,1828.0,2451.0,25.85,424.5
2024-08-31 10:45:00,892.0,40.0,44.0,977.0,51.0,1750.0,2694.0,26.375,467.75
2024-08-31 11:00:00,605.0,0.0,62.0,667.0,56.0,1861.0,2522.0,26.9,511.0
2024-08-31 11:15:00,604.0,0.0,21.0,625.0,36.0,2360.0,3000.0,27.3,539.25
2024-08-31 11:30:00,617.0,0.0,69.0,685.0,67.0,2132.0,2815.0,27.7,567.5
2024-08-31 11:45:00,1513.0,49.0,68.0,1630.0,68.0,1259.0,2839.0,28.1,595.75
2024-08-31 12:00:00,391.0,0.0,23.0,414.0,374.0,2468.0,3233.0,28.5,624.0
2024-08-31 12:15:00,486.0,0.0,8.0,493.0,1041.0,1860.0,3387.0,28.825,635.0
2024-08-31 12:30:00,1655.0,372.0,34.0,2060.0,308.0,404.0,2366.0,29.15,646.0
2024-08-31 12:45:00,2590.0,311.0,30.0,2931.0,77.0,453.0,3120.0,29.475,657.0
2024-08-31 13:00:00,2855.0,0.0,13.0,2868.0,54.0,700.0,3609.0,29.8,668.0
2024-08-31 13:15:00,2889.0,0.0,16.0,2905.0,116.0,429.0,3433.0,30.025,674.75
2024-08-31 13:30:00,3030.0,17.0,8.0,3055.0,322.0,64.0,3416.0,30.25,681.5
2024-08-31 13:45:00,2958.0,0.0,2.0,2960.0,409.0,71.0,3438.0,30.475,688.25
2024-08-31 14:00:00,2951.0,0.0,1.0,2952.0,486.0,52.0,3488.0,30.7,695.0
2024-08-31 14:15:00,2875.0,14.0,6.0,2894.0,462.0,74.0,3410.0,30.925,684.75
2024-08-31 14:30:00,2906.0,0.0,4.0,2910.0,429.0,35.0,3370.0,31.15,674.5
2024-08-31 14:45:00,2985.0,1212.0,30.0,4227.0,85.0,7.0,3077.0,31.375,664.25
2024-08-31 15:00:00,3129.0,1398.0,12.0,4539.0,13.0,0.0,3142.0,31.6,654.0
2024-08-31 15:15:00,2049.0,282.0,16.0,2347.0,29.0,836.0,2915.0,31.625,617.0
2024-08-31 15:30:00,1746.0,0.0,10.0,1756.0,181.0,1151.0,3077.0,31.65,580.0
2024-08-31 15:45:00,1759.0,12.0,25.0,1797.0,261.0,650.0,2670.0,31.675,543.0
2024-08-31 16:00:00,467.0,0.0,2.0,470.0,843.0,693.0,2004.0,31.7,506.0
2024-08-31 16:15:00,308.0,0.0,0.0,308.0,2095.0,312.0,2714.0,31.75,497.0
2024-08-31 16:30:00,282.0,0.0,0.0,282.0,1738.0,0.0,2020.0,31.8,488.0
2024-08-31 16:45:00,208.0,0.0,0.0,208.0,1908.0,0.0,2116.0,31.85,479.0
2024-08-31 17:00:00,192.0,0.0,0.0,192.0,1977.0,41.0,2209.0,31.9,470.0
2024-08-31 17:15:00,276.0,0.0,0.0,276.0,1434.0,44.0,1755.0,31.75,434.75
2024-08-31 17:30:00,289.0,0.0,0.0,289.0,1158.0,34.0,1480.0,31.6,399.5
2024-08-31 17:45:00,264.0,0.0,0.0,264.0,1018.0,38.0,1320.0,31.45,364.25
2024-08-31 18:00:00,240.0,0.0,0.0,240.0,698.0,34.0,972.0,31.3,329.0
2024-08-31 18:15:00,239.0,0.0,0.0,239.0,616.0,34.0,888.0,31.0,295.5
2024-08-31 18:30:00,260.0,21.0,1.0,282.0,66.0,10.0,336.0,30.700000000000003,262.0
2024-08-31 18:45:00,217.0,25.0,1.0,242.0,0.0,0.0,217.0,30.4,228.5
2024-08-31 19:00:00,176.0,35.0,1.0,212.0,1.0,0.0,177.0,30.1,195.0
2024-08-31 19:15:00,131.0,57.0,1.0,189.0,1.0,0.0,132.0,29.5,162.25
2024-08-31 19:30:00,79.0,110.0,2.0,191.0,2.0,0.0,81.0,28.9,129.5
2024-08-31 19:45:00,64.0,208.0,1.0,274.0,1.0,0.0,65.0,28.3,96.75
2024-08-31 20:00:00,45.0,208.0,1.0,254.0,1.0,0.0,45.0,27.7,64.0
2024-08-31 20:15:00,17.0,237.0,2.0,255.0,1.0,0.0,18.0,27.35,48.25
2024-08-31 20:30:00,0.0,701.0,134.0,835.0,1.0,0.0,1.0,27.0,32.5
2024-08-31 20:45:00,0.0,2389.0,105.0,2494.0,0.0,0.0,0.0,26.65,16.75
2024-08-31 21:00:00,0.0,2385.0,94.0,2478.0,0.0,0.0,0.0,26.3,1.0
2024-08-31 21:15:00,0.0,1718.0,2.0,1698.0,21.0,0.0,0.0,25.725,0.75
2024-08-31 21:30:00,0.0,140.0,1.0,139.0,2.0,0.0,0.0,25.15,0.5
2024-08-31 21:45:00,0.0,139.0,1.0,138.0,2.0,0.0,0.0,24.575,0.25
2024-08-31 22:00:00,0.0,169.0,2.0,171.0,1.0,0.0,0.0,24.0,0.0
2024-08-31 22:15:00,0.0,226.0,0.0,226.0,0.0,0.0,0.0,23.75,0.0
2024-08-31 22:30:00,0.0,277.0,1.0,277.0,2.0,0.0,0.0,23.5,0.0
2024-08-31 22:45:00,0.0,204.0,1.0,204.0,1.0,0.0,0.0,23.25,0.0
2024-08-31 23:00:00,0.0,202.0,0.0,202.0,0.0,0.0,0.0,23.0,0.0
2024-08-31 23:15:00,0.0,246.0,2.0,247.0,2.0,0.0,0.0,22.7,0.0
2024-08-31 23:30:00,0.0,256.0,0.0,256.0,0.0,0.0,0.0,22.4,0.0
2024-08-31 23:45:00,0.0,230.0,0.0,229.0,1.0,0.0,0.0,22.1,0.0
